{"('Typhoon Mawar', 'Typhoon Mawar')": 0.4869142767591287, "('Typhoon Mawar', 'Cyclone Biparjoy')": 0.9689169522900948, "('Typhoon Mawar', 'Cyclone Tauktae')": 0.41363199865745115, "('Typhoon Mawar', 'Cyclone Eloise')": 1.0, "('Typhoon Mawar', 'Cyclone Sitrang')": 0.498812351543943, "('Typhoon Mawar', 'Cyclone Gabrielle')": 0.4966492926284438, "('Typhoon Mawar', '2021 European floods')": 0.4921985815602837, "('Typhoon Mawar', 'Hurricane Elsa')": 0.4965737779808132, "('Typhoon Mawar', 'Tropical Storm Nalgae')": 0.49654576856649396, "('Typhoon Mawar', 'Cyclone Batsirai')": 0.4925925925925926, "('Typhoon Mawar', 'Cyclone Mocha')": 0.49541471367434275, "('Typhoon Mawar', 'Typhoon Khanun')": 1.0, "('Typhoon Mawar', 'Cyclone Freddy')": 1.0, "('Typhoon Mawar', 'Cyclone Yaas')": 0.4736488001794124, "('Typhoon Mawar', 'Cyclones Gulab and Shaheen')": 1.0, "('Cyclone Biparjoy', 'Cyclone Biparjoy')": 0.8625307950989444, "('Cyclone Biparjoy', 'Cyclone Tauktae')": 0.8635195198303662, "('Cyclone Biparjoy', 'Cyclone Eloise')": 1.0, "('Cyclone Biparjoy', 'Cyclone Sitrang')": 1.0, "('Cyclone Biparjoy', 'Cyclone Gabrielle')": 0.49942462600690446, "('Cyclone Biparjoy', '2021 European floods')": 0.4989451476793249, "('Cyclone Biparjoy', 'Hurricane Elsa')": 0.4806416551103782, "('Cyclone Biparjoy', 'Tropical Storm Nalgae')": 0.4671005061460593, "('Cyclone Biparjoy', 'Cyclone Batsirai')": 0.49867674858223066, "('Cyclone Biparjoy', 'Cyclone Mocha')": 0.4920491060393837, "('Cyclone Biparjoy', 'Typhoon Khanun')": 0.43430152143845085, "('Cyclone Biparjoy', 'Cyclone Freddy')": 0.8339369023147735, "('Cyclone Biparjoy', 'Cyclone Yaas')": 0.4959431200334588, "('Cyclone Biparjoy', 'Cyclones Gulab and Shaheen')": 1.0, "('Cyclone Tauktae', 'Cyclone Tauktae')": 0.8615177422137801, "('Cyclone Tauktae', 'Cyclone Eloise')": 0.785076017020262, "('Cyclone Tauktae', 'Cyclone Sitrang')": 0.8493405628034066, "('Cyclone Tauktae', 'Cyclone Gabrielle')": 0.49992847947360897, "('Cyclone Tauktae', '2021 European floods')": 0.49987056691690396, "('Cyclone Tauktae', 'Hurricane Elsa')": 0.6663049986576739, "('Cyclone Tauktae', 'Tropical Storm Nalgae')": 0.4808350444900753, "('Cyclone Tauktae', 'Cyclone Batsirai')": 1.0, "('Cyclone Tauktae', 'Cyclone Mocha')": 0.4955211726384365, "('Cyclone Tauktae', 'Typhoon Khanun')": 0.4698961937716263, "('Cyclone Tauktae', 'Cyclone Freddy')": 0.8352480168949511, "('Cyclone Tauktae', 'Cyclone Yaas')": 0.4976127757655581, "('Cyclone Tauktae', 'Cyclones Gulab and Shaheen')": 0.49890170236133996, "('Cyclone Eloise', 'Cyclone Tauktae')": 0.49940828402366866, "('Cyclone Eloise', 'Cyclone Eloise')": 0.40837032339885865, "('Cyclone Eloise', 'Cyclone Sitrang')": 0.6054982817869417, "('Cyclone Eloise', 'Cyclone Gabrielle')": 1.0, "('Cyclone Eloise', '2021 European floods')": 1.0, "('Cyclone Eloise', 'Hurricane Elsa')": 0.4998320456835741, "('Cyclone Eloise', 'Tropical Storm Nalgae')": 1.0, "('Cyclone Eloise', 'Cyclone Batsirai')": 1.0, "('Cyclone Eloise', 'Cyclone Mocha')": 0.4988970588235294, "('Cyclone Eloise', 'Typhoon Khanun')": 1.0, "('Cyclone Eloise', 'Cyclone Freddy')": 0.49937473947478117, "('Cyclone Eloise', 'Cyclone Yaas')": 0.48955346169602626, "('Cyclone Eloise', 'Cyclones Gulab and Shaheen')": 0.4971264367816092, "('Cyclone Sitrang', 'Cyclone Tauktae')": 0.4951456310679611, "('Cyclone Sitrang', 'Cyclone Sitrang')": 0.6449268522888154, "('Cyclone Sitrang', 'Cyclone Gabrielle')": 0.47926551331192374, "('Cyclone Sitrang', '2021 European floods')": 0.5221398517331196, "('Cyclone Sitrang', 'Hurricane Elsa')": 0.568818338019369, "('Cyclone Sitrang', 'Tropical Storm Nalgae')": 0.30848051379360675, "('Cyclone Sitrang', 'Cyclone Batsirai')": 0.45715135649690625, "('Cyclone Sitrang', 'Cyclone Mocha')": 0.7097092042221429, "('Cyclone Sitrang', 'Typhoon Khanun')": 1.0, "('Cyclone Sitrang', 'Cyclone Freddy')": 1.0, "('Cyclone Sitrang', 'Cyclone Yaas')": 0.4942418426103647, "('Cyclone Sitrang', 'Cyclones Gulab and Shaheen')": 0.49575070821529743, "('Cyclone Gabrielle', 'Cyclone Tauktae')": 0.4955333683657383, "('Cyclone Gabrielle', 'Cyclone Gabrielle')": 0.32476024411508286, "('Cyclone Gabrielle', '2021 European floods')": 0.2643987874705288, "('Cyclone Gabrielle', 'Hurricane Elsa')": 0.45857204214733244, "('Cyclone Gabrielle', 'Tropical Storm Nalgae')": 0.11476038660541701, "('Cyclone Gabrielle', 'Cyclone Batsirai')": 0.18514070006863417, "('Cyclone Gabrielle', 'Cyclone Mocha')": 0.5064512514027186, "('Cyclone Gabrielle', 'Typhoon Khanun')": 1.0, "('Cyclone Gabrielle', 'Cyclone Freddy')": 1.0, "('Cyclone Gabrielle', 'Cyclone Yaas')": 0.4988213107024988, "('Cyclone Gabrielle', 'Cyclones Gulab and Shaheen')": 1.0, "('2021 European floods', 'Cyclone Tauktae')": 0.49563530552861296, "('2021 European floods', '2021 European floods')": 0.25179249261914805, "('2021 European floods', 'Hurricane Elsa')": 0.33388863420431275, "('2021 European floods', 'Tropical Storm Nalgae')": 0.16561428144848234, "('2021 European floods', 'Cyclone Batsirai')": 0.21646245680175935, "('2021 European floods', 'Cyclone Mocha')": 0.4921410890570397, "('2021 European floods', 'Typhoon Khanun')": 1.0, "('2021 European floods', 'Cyclone Freddy')": 0.4998472349526428, "('2021 European floods', 'Cyclone Yaas')": 0.4989804835420915, "('2021 European floods', 'Cyclones Gulab and Shaheen')": 1.0, "('Hurricane Elsa', 'Cyclone Tauktae')": 0.49736980536559705, "('Hurricane Elsa', 'Hurricane Elsa')": 0.5518225693373463, "('Hurricane Elsa', 'Tropical Storm Nalgae')": 0.21938426585955678, "('Hurricane Elsa', 'Cyclone Batsirai')": 0.2613543566066656, "('Hurricane Elsa', 'Cyclone Mocha')": 0.5767054604011126, "('Hurricane Elsa', 'Typhoon Khanun')": 0.9883694089312483, "('Hurricane Elsa', 'Cyclone Freddy')": 0.4919988481632317, "('Hurricane Elsa', 'Cyclone Yaas')": 0.4952601895924163, "('Hurricane Elsa', 'Cyclones Gulab and Shaheen')": 1.0, "('Tropical Storm Nalgae', 'Cyclone Tauktae')": 0.4963855421686747, "('Tropical Storm Nalgae', 'Tropical Storm Nalgae')": 0.42828309044183926, "('Tropical Storm Nalgae', 'Cyclone Batsirai')": 0.2620303135571212, "('Tropical Storm Nalgae', 'Cyclone Mocha')": 0.41015285475546925, "('Tropical Storm Nalgae', 'Typhoon Khanun')": 1.0, "('Tropical Storm Nalgae', 'Cyclone Freddy')": 0.48397185301016415, "('Tropical Storm Nalgae', 'Cyclone Yaas')": 0.4989200863930886, "('Tropical Storm Nalgae', 'Cyclones Gulab and Shaheen')": 1.0, "('Cyclone Batsirai', 'Cyclone Tauktae')": 1.0, "('Cyclone Batsirai', 'Cyclone Batsirai')": 0.2471812662619254, "('Cyclone Batsirai', 'Cyclone Mocha')": 0.48429506669317657, "('Cyclone Batsirai', 'Typhoon Khanun')": 1.0, "('Cyclone Batsirai', 'Cyclone Freddy')": 0.4997834560415764, "('Cyclone Batsirai', 'Cyclone Yaas')": 0.49830220713073003, "('Cyclone Batsirai', 'Cyclones Gulab and Shaheen')": 1.0, "('Cyclone Mocha', 'Cyclone Tauktae')": 0.7072553163912325, "('Cyclone Mocha', 'Cyclone Mocha')": 0.7263356251591546, "('Cyclone Mocha', 'Typhoon Khanun')": 1.0, "('Cyclone Mocha', 'Cyclone Freddy')": 0.49631977100797386, "('Cyclone Mocha', 'Cyclone Yaas')": 0.49867918990314064, "('Cyclone Mocha', 'Cyclones Gulab and Shaheen')": 0.4968905472636816, "('Typhoon Khanun', 'Cyclone Tauktae')": 1.0, "('Typhoon Khanun', 'Cyclone Mocha')": 1.0, "('Typhoon Khanun', 'Typhoon Khanun')": 0.6865573152337858, "('Typhoon Khanun', 'Cyclone Freddy')": 0.7844171724910131, "('Typhoon Khanun', 'Cyclone Yaas')": 1.0, "('Typhoon Khanun', 'Cyclones Gulab and Shaheen')": 1.0, "('Cyclone Freddy', 'Cyclone Tauktae')": 1.0, "('Cyclone Freddy', 'Cyclone Mocha')": 1.0, "('Cyclone Freddy', 'Cyclone Freddy')": 0.8317603292386289, "('Cyclone Freddy', 'Cyclone Yaas')": 0.9451123541927697, "('Cyclone Freddy', 'Cyclones Gulab and Shaheen')": 0.49922815683853045, "('Cyclone Yaas', 'Cyclone Tauktae')": 0.49857999368886086, "('Cyclone Yaas', 'Cyclone Mocha')": 1.0, "('Cyclone Yaas', 'Cyclone Yaas')": 0.9416488764391573, "('Cyclone Yaas', 'Cyclones Gulab and Shaheen')": 0.9965265284221823,